Category,ImageUrl
Sofas,https://i.ibb.co/fG1PR5Wr/051b5367-8d6b-41e5-95b5-4dbfb8843e40-jpg.jpg
Side Chairs,https://i.ibb.co/ZpXswBy9/download-jpg.jpg
Armchairs,https://i.ibb.co/C3br9yV7/download-jpg.jpg
Sideboards,https://i.ibb.co/356sGhQC/download-jpg.jpg
Outdoor Lounge Beds,https://i.ibb.co/MDBpnDFh/download-jpg.jpg
Sofa Sets & Sectionals,https://i.ibb.co/C3br9yV7/download-jpg.jpg
Designer Dining Sets,https://i.ibb.co/KjTZfVG9/download-jpg.jpg
TV Consoles,https://i.ibb.co/x8RZ89wS/download-jpg.jpg
Bedside Cabinets,https://i.ibb.co/1f4vGRzQ/download-jpg.jpg
Dining Sets,https://i.ibb.co/7dQfPMbR/18caaa2c-9489-4326-b51b-08f321faf9e7-jpg.jpg
Side Tables,https://i.ibb.co/KpfLF9Yq/download-jpg.jpg
Coffee Table,https://i.ibb.co/84bXhwDZ/download-jpg.jpg
Dinning Tables,https://i.ibb.co/wN5g8mWv/download-jpg.jpg
Bed Frames,https://i.ibb.co/rG0cYLnR/download-jpg.jpg